Region,age_band,Indicator,value,lowercl,uppercl,pop,count,gender
'Asir,"[0,5)",flu,162.6469631488452,136.81981361862327,191.9309772706054,86076,140,Female
'Asir,"[0,5)",injury,185.88224359868025,158.1940023027888,217.02137305221325,86076,160,Female
'Asir,"[5,10)",Smoking,0,0,3.9433434039722655,93547,0,Female
'Asir,"[5,10)",flu,7.482869573583332,3.0085016638907365,15.417571233393245,93547,7,Female
'Asir,"[10,15)",Smoking,5.565325794171991,1.8070461366826438,12.987613899203787,89842,5,Female
'Asir,"[10,15)",flu,4.452260635337593,1.2130911752034965,11.39955552570479,89842,4,Female
'Asir,"[15,20)",Smoking,48.69582589369327,34.623323755947325,66.57061811056343,80089,39,Female
'Asir,"[15,20)",flu,16.231941964564424,8.63444536036237,27.758777122265144,80089,13,Female
'Asir,"[20,25)",flu,111.91545424924564,88.60144542645132,139.48179355507662,70589,79,Female
'Asir,"[25,30)",Smoking,1.375232070411882,0.03481786149252547,7.662302676117581,72715,1,Female
'Asir,"[25,30)",flu,104.51763735130302,82.3449567321508,130.82112263041034,72715,76,Female
'Asir,"[30,35)",Smoking,8.250257820556891,3.0276992141503625,17.95733794777406,72725,6,Female
'Asir,"[30,35)",flu,346.5108284633895,305.0438448713813,392.0412891098233,72725,252,Female
'Asir,"[35,40)",flu,72.66795195017055,53.755851479693405,96.07295685216023,67430,49,Female
'Asir,"[40,45)",flu,132.2301560315841,103.0754862613908,167.06725816744236,52938,70,Female
'Asir,"[45,50)",Smoking,0,0,9.789240384560506,37683,0,Female
'Asir,"[45,50)",flu,252.1030703500252,203.96128008454633,308.18601690215803,37683,95,Female
'Asir,"[50,55)",Smoking,149.0969469011555,108.3235720152534,200.1605290625129,29511,44,Female
'Asir,"[50,55)",flu,81.32560740063028,52.091494357661844,121.01120406622708,29511,24,Female
'Asir,"[55,60)",flu,262.7644633715399,199.51622727644997,339.6900819558887,22073,58,Female
'Asir,"[60,65)",flu,297.24260055653934,218.3838714109663,395.2785542743897,15812,47,Female
'Asir,"[65,70)",flu,114.82154817720792,59.26236573609251,200.5823179946101,10451,12,Female
'Asir,"[70,75)",flu,320.47173439302657,207.3358020979004,473.0989705446143,7801,25,Female
'Asir,"[75,80)",flu,154.95867768595042,70.85697481712006,294.15983903958625,5808,9,Female
'Asir,"[80,85)",flu,51.800051800051804,6.273226587515281,187.11959771364823,3861,2,Female
'Asir,"[85,90)",flu,45.08566275924256,1.141470152582953,251.20123493863386,2218,1,Female
Al Bahah,"[0,5)",flu,230.13304566702627,157.38366030442026,324.8899655426124,13905,32,Female
Al Bahah,"[5,10)",flu,24.639645189109277,6.713474027512167,63.087277783686694,16234,4,Female
Al Bahah,"[15,20)",flu,14.423770373575653,1.7467855080337875,52.1036179700271,13866,2,Female
Al Bahah,"[20,25)",Smoking,206.5404475043029,132.29536058424773,307.3288849568354,11620,24,Female
Al Bahah,"[20,25)",flu,17.211703958691913,2.084417199173537,62.174592665438546,11620,2,Female
Al Bahah,"[20,25)",injury,137.6936316695353,78.65326091687248,223.61822886455468,11620,16,Female
Al Bahah,"[25,30)",Smoking,0,0,32.228546689794996,11446,0,Female
Al Bahah,"[25,30)",flu,26.210029704700336,5.405138239521244,76.59682919572185,11446,3,Female
Al Bahah,"[25,30)",injury,96.10344225056788,47.90922766424929,171.966076499619,11446,11,Female
Al Bahah,"[30,35)",flu,0,0,30.996382271354808,11901,0,Female
Al Bahah,"[30,35)",injury,184.8584152592219,115.8095347585377,279.8905871736905,11901,22,Female
Al Bahah,"[35,40)",Smoking,25.24402558061259,5.20592496546282,73.77375521493035,11884,3,Female
Al Bahah,"[35,40)",flu,33.65870077415012,9.170863123748951,86.17964216933439,11884,4,Female
Al Bahah,"[35,40)",injury,0,0,31.040722434482795,11884,0,Female
Al Bahah,"[40,45)",Smoking,10.097950116126427,0.2556579620750267,56.262177026546496,9903,1,Female
Al Bahah,"[40,45)",flu,10.097950116126427,0.2556579620750267,56.262177026546496,9903,1,Female
Al Bahah,"[40,45)",injury,10.097950116126427,0.2556579620750267,56.262177026546496,9903,1,Female
Al Bahah,"[45,50)",flu,28.534741047224998,3.4556895212436154,103.07729587279154,7009,2,Female
Al Bahah,"[45,50)",injury,470.82322727921246,324.040170041598,661.2321575296519,7009,33,Female
Al Bahah,"[50,55)",flu,70.32348804500704,19.160783643219503,180.05605969415782,5688,4,Female
Al Bahah,"[55,60)",flu,698.8425420397466,477.9252667685005,986.5898604214949,4579,32,Female
Al Bahah,"[60,65)",flu,626.491646778043,387.66099366875625,957.7040656049182,3352,21,Female
Al Bahah,"[70,75)",flu,57.703404500865545,1.4609237151927235,321.50279232192145,1733,1,Female
Al Hudud ash Shamaliyah,"[0,5)",flu,4.951475539710834,0.12536050695330705,27.587855966225487,20196,1,Female
Al Hudud ash Shamaliyah,"[20,25)",Smoking,7.371913011426465,0.18664067810018356,41.07367040869074,13565,1,Female
Al Hudud ash Shamaliyah,"[20,25)",flu,7.371913011426465,0.18664067810018356,41.07367040869074,13565,1,Female
Al Hudud ash Shamaliyah,"[20,25)",injury,221.15739034279397,149.1849546130954,315.7270323774324,13565,30,Female
Al Hudud ash Shamaliyah,"[25,30)",Smoking,20.008003201280513,4.126131271812736,58.47187588196828,14994,3,Female
Al Hudud ash Shamaliyah,"[25,30)",injury,140.0560224089636,86.66397564210156,214.10057542401535,14994,21,Female
Al Hudud ash Shamaliyah,"[30,35)",flu,0,0,25.930545860494416,14226,0,Female
Al Hudud ash Shamaliyah,"[30,35)",injury,217.91086742584002,148.03276716455818,309.31764223938893,14226,31,Female
Al Hudud ash Shamaliyah,"[35,40)",injury,0,0,29.45448302550252,12524,0,Female
Al Hudud ash Shamaliyah,"[40,45)",injury,171.95056421278883,98.22148219817929,279.25242551382325,9305,16,Female
Al Hudud ash Shamaliyah,"[45,50)",Smoking,47.341013097680296,9.762855024390115,138.35052974187033,6337,3,Female
Al Hudud ash Shamaliyah,"[45,50)",injury,1041.5022881489663,805.459643957184,1325.0667472914092,6337,66,Female
Al Hudud ash Shamaliyah,"[55,60)",flu,28.935185185185183,0.7325754625083882,161.21653330263015,3456,1,Female
Al Jawf,"[0,5)",Smoking,50.74711023400056,30.060599836026775,80.20648410607885,35470,18,Female
Al Jawf,"[0,5)",flu,2.8192839018889204,0.07137808848122328,15.708044519139834,35470,1,Female
Al Jawf,"[5,10)",Smoking,62.82842129312315,39.36055726414659,95.12730974280588,35016,22,Female
Al Jawf,"[15,20)",injury,695.0175926328135,591.4906799102927,811.4474482794974,23021,160,Female
Al Jawf,"[20,25)",Smoking,109.690957649752,69.5124507755331,164.59753091829424,20968,23,Female
Al Jawf,"[35,40)",flu,0,0,20.72520621447236,17799,0,Female
Al Jawf,"[45,50)",Smoking,31.942078364565585,6.58722447716782,93.34830781241826,9392,3,Female
Al Jawf,"[50,55)",Smoking,13.368983957219251,0.3384733687739291,74.48721110880881,7480,1,Female
Al Jawf,"[55,60)",Smoking,74.14272474513439,20.201397101507418,189.83482252833545,5395,4,Female
Al Jawf,"[85,90)",Smoking,273.972602739726,6.936385749120521,1526.4776413531229,365,1,Female
Al Jawf,"[90,95)",Smoking,0,0,2049.377474507742,180,0,Female
Al Jawf,"[95,100)",Smoking,0,0,6360.136989851613,58,0,Female
Al Jawf,"[100,105)",Smoking,0,0,4391.523159659447,84,0,Female
Al Madinah al Munawwarah,"[0,5)",flu,103.74340797095185,84.03040584191821,126.68971014488282,92536,96,Female
Al Madinah al Munawwarah,"[0,5)",injury,0,0,3.9864263142062932,92536,0,Female
Al Madinah al Munawwarah,"[5,10)",flu,5.143186306780777,1.6699785941804033,12.002481154668642,97216,5,Female
Al Madinah al Munawwarah,"[10,15)",flu,7.663170801129771,3.080992108597932,15.78906067228163,91346,7,Female
Al Madinah al Munawwarah,"[10,15)",injury,17.5158189740109,10.00537398303219,28.446169721784482,91346,16,Female
Al Madinah al Munawwarah,"[15,20)",flu,53.67274957828554,38.67852219481032,72.55180537294139,78252,42,Female
Al Madinah al Munawwarah,"[15,20)",injury,3.8337678270203956,0.7906150934105219,11.203896475160153,78252,3,Female
Al Madinah al Munawwarah,"[20,25)",Smoking,42.212478553337505,28.676082487036748,59.91928944820865,73438,31,Female
Al Madinah al Munawwarah,"[20,25)",flu,142.97774993872383,116.93913926424898,173.084816096603,73438,105,Female
Al Madinah al Munawwarah,"[20,25)",injury,400.3376998284267,355.87781101193286,448.8155518514802,73438,294,Female
Al Madinah al Munawwarah,"[25,30)",flu,149.03694347963372,123.35965666944536,178.48134653839938,79175,118,Female
Al Madinah al Munawwarah,"[25,30)",injury,79.57057151878749,61.141071214801116,101.80698576091292,79175,63,Female
Al Madinah al Munawwarah,"[30,35)",Smoking,163.01144841941593,136.1936099995166,193.56416834473066,79749,130,Female
Al Madinah al Munawwarah,"[30,35)",flu,110.34621123775845,88.49833724322488,135.95111303758128,79749,88,Female
Al Madinah al Munawwarah,"[30,35)",injury,149.2181720146961,123.61274854686269,178.5631419797094,79749,119,Female
Al Madinah al Munawwarah,"[35,40)",Smoking,36.23491373303231,23.663845647062598,53.0946597381084,71754,26,Female
Al Madinah al Munawwarah,"[35,40)",flu,93.37458538896786,72.36068236520227,118.58422334592065,71754,67,Female
Al Madinah al Munawwarah,"[35,40)",injury,0,0,5.141008799668221,71754,0,Female
Al Madinah al Munawwarah,"[40,45)",Smoking,33.386504432985866,19.776857146267567,52.76781524729416,53914,18,Female
Al Madinah al Munawwarah,"[40,45)",flu,94.59509589345996,70.42701543877739,124.37764821232285,53914,51,Female
Al Madinah al Munawwarah,"[40,45)",injury,296.7689282932077,252.56347038273634,346.48387630007625,53914,160,Female
Al Madinah al Munawwarah,"[45,50)",Smoking,65.48960025148006,42.369848382818695,96.67954810128715,38174,25,Female
Al Madinah al Munawwarah,"[45,50)",flu,94.30502436213129,66.04088605589908,130.5617717708454,38174,36,Female
Al Madinah al Munawwarah,"[45,50)",injury,374.600513438466,315.7168376079241,441.27664447491935,38174,143,Female
Al Madinah al Munawwarah,"[50,55)",flu,208.84093282283328,161.50991246896416,265.70097704602915,31603,66,Female
Al Madinah al Munawwarah,"[50,55)",injury,0,0,11.672561004062702,31603,0,Female
Al Madinah al Munawwarah,"[55,60)",Smoking,237.21336718132255,179.65208982942815,307.34304082450933,24029,57,Female
Al Madinah al Munawwarah,"[55,60)",flu,424.48707811394564,346.11072605746375,515.3030792976971,24029,102,Female
Al Madinah al Munawwarah,"[60,65)",flu,693.9309481826973,576.2581687142609,828.5605980000653,17581,122,Female
Al Madinah al Munawwarah,"[60,65)",injury,113.75917183322906,69.45810155779499,175.70036044136887,17581,20,Female
Al Madinah al Munawwarah,"[65,70)",Smoking,111.1871365035922,59.14506452840079,190.14477428541676,11692,13,Female
Al Madinah al Munawwarah,"[65,70)",flu,153.9514197742046,91.19478927333815,243.32227088972093,11692,18,Female
Al Madinah al Munawwarah,"[70,75)",Smoking,40.62288422477996,8.37741534049562,118.71730629305786,7385,3,Female
Al Madinah al Munawwarah,"[70,75)",flu,27.081922816519974,3.2797464934863236,97.82921689538196,7385,2,Female
Al Madinah al Munawwarah,"[75,80)",flu,38.14609956131986,4.619669627006771,137.79682753621893,5243,2,Female
Al Madinah al Munawwarah,"[80,85)",flu,29.086678301337987,0.7364109361340866,162.06059892201569,3438,1,Female
Al Madinah al Munawwarah,"[80,85)",injury,0,0,107.29724997422733,3438,0,Female
Al Mintaqah ash Sharqiyah,"[0,5)",flu,13.970313084695022,9.281120931073172,20.191747314495416,200425,28,Female
Al Mintaqah ash Sharqiyah,"[5,10)",flu,1.4284898005828237,0.2945889391537634,4.174653386350458,210012,3,Female
Al Mintaqah ash Sharqiyah,"[10,15)",flu,0,0,1.9967627753765693,184743,0,Female
Al Mintaqah ash Sharqiyah,"[15,20)",Smoking,0,0,2.4596301126932367,149977,0,Female
Al Mintaqah ash Sharqiyah,"[15,20)",flu,0,0,2.4596301126932367,149977,0,Female
Al Mintaqah ash Sharqiyah,"[20,25)",Smoking,115.08733698798054,98.38880488480528,133.8073008487833,146845,169,Female
Al Mintaqah ash Sharqiyah,"[20,25)",flu,4.766931117845346,1.9165535438863204,9.82169999775435,146845,7,Female
Al Mintaqah ash Sharqiyah,"[25,30)",Smoking,52.06795673528544,42.222574695230385,63.51911173502028,186295,97,Female
Al Mintaqah ash Sharqiyah,"[25,30)",flu,2.6839152956332697,0.8714599909382543,6.2633629884444915,186295,5,Female
Al Mintaqah ash Sharqiyah,"[30,35)",Smoking,106.25713179024947,92.14138762738295,121.92328538140484,191046,203,Female
Al Mintaqah ash Sharqiyah,"[30,35)",flu,2.6171707337499868,0.849788213371869,6.107603445935882,191046,5,Female
Al Mintaqah ash Sharqiyah,"[35,40)",Smoking,125.08481576540696,108.81193255074129,143.10450065609896,169485,212,Female
Al Mintaqah ash Sharqiyah,"[35,40)",flu,6.490249874620172,3.235501783904165,11.613557020471658,169485,11,Female
Al Mintaqah ash Sharqiyah,"[40,45)",Smoking,2.3386342376052385,0.48228260281852325,6.834481657111259,128280,3,Female
Al Mintaqah ash Sharqiyah,"[40,45)",flu,4.677268475210477,1.7164750962666442,10.180444358059468,128280,6,Female
Al Mintaqah ash Sharqiyah,"[45,50)",Smoking,31.608416869863635,20.998923762872984,45.68467167330154,88584,28,Female
Al Mintaqah ash Sharqiyah,"[45,50)",flu,5.644360155332792,1.8327083786218965,13.172053733544058,88584,5,Female
Al Mintaqah ash Sharqiyah,"[45,50)",injury,0,0,4.164272841725295,88584,0,Female
Al Mintaqah ash Sharqiyah,"[50,55)",flu,4.4956616864725545,0.9271135197967983,13.138231211494393,66731,3,Female
Al Mintaqah ash Sharqiyah,"[55,60)",flu,68.10796084765222,47.432739444095326,94.72457003932746,51389,35,Female
Al Mintaqah ash Sharqiyah,"[60,65)",Smoking,53.53017411393474,32.21384052569687,83.59820326060215,35494,19,Female
Al Mintaqah ash Sharqiyah,"[60,65)",flu,70.43443962359835,45.569014260599566,103.97940692000158,35494,25,Female
Al Mintaqah ash Sharqiyah,"[65,70)",Smoking,4.8749573441232386,0.12342323397011602,27.16152386749329,20513,1,Female
Al Mintaqah ash Sharqiyah,"[65,70)",flu,4.8749573441232386,0.12342323397011602,27.16152386749329,20513,1,Female
Al Qasim,"[0,5)",Smoking,0,0,6.742112538132718,54714,0,Female
Al Qasim,"[0,5)",flu,80.41817450743868,58.426306498193206,107.9602546544544,54714,44,Female
Al Qasim,"[5,10)",Smoking,0,0,6.211594211046079,59387,0,Female
Al Qasim,"[5,10)",flu,6.73548082913769,1.835191832600275,17.24550604577382,59387,4,Female
Al Qasim,"[10,15)",flu,1.7515282083617956,0.044344854858371245,9.75889056616205,57093,1,Female
Al Qasim,"[15,20)",flu,3.9337555564297237,0.47639604764557847,14.210077628189211,50842,2,Female
Al Qasim,"[20,25)",Smoking,45.2702841739202,28.360789208415277,68.54287050546517,48597,22,Female
Al Qasim,"[20,25)",flu,10.288700948618228,3.3407131924160356,24.010395866663924,48597,5,Female
Al Qasim,"[25,30)",flu,28.45435920783064,15.914075448087955,46.93381770855006,52716,15,Female
Al Qasim,"[30,35)",flu,28.291973163042602,15.454552380544953,47.4719056231805,49484,14,Female
Al Qasim,"[35,40)",flu,45.49694033076276,27.77913245268531,70.26975219908792,43959,20,Female
Al Qasim,"[40,45)",flu,28.738109607150044,13.75822603663409,52.853575324759234,34797,10,Female
Al Qasim,"[45,50)",Smoking,97.09825596594092,63.4117182865642,142.27711150794448,26777,26,Female
Al Qasim,"[45,50)",flu,26.141838144676402,10.510374767598563,53.86217784554796,26777,7,Female
Al Qasim,"[45,50)",injury,597.5277290211749,508.5224984955315,697.6260113844834,26777,160,Female
Al Qasim,"[50,55)",flu,28.62458852154,10.504719495686519,62.303678367056364,20961,6,Female
Al Qasim,"[55,60)",flu,271.32761231701164,196.34131000142497,365.4855598513638,15848,43,Female
Al Qasim,"[60,65)",flu,312.2831367106176,218.68882584124665,432.34429871445633,11528,36,Female
Ar Riyadh,"[0,5)",flu,99.67823735109144,88.83844177056595,111.47569758056797,307991,307,Female
Ar Riyadh,"[5,10)",flu,4.9174181096215435,2.808924166817442,7.986021683988658,325374,16,Female
Ar Riyadh,"[10,15)",flu,1.3380924822619116,0.36458516578173883,3.4260482032441044,298933,4,Female
Ar Riyadh,"[10,15)",injury,2.676184964523823,1.155386717675366,5.2731512480031695,298933,8,Female
Ar Riyadh,"[15,20)",flu,19.61645899375412,14.558590600198592,25.862401012977354,254888,50,Female
Ar Riyadh,"[15,20)",injury,0,0,1.447255050890562,254888,0,Female
Ar Riyadh,"[20,25)",Smoking,71.83419156288517,61.98221469847518,82.80686979863428,264498,190,Female
Ar Riyadh,"[20,25)",flu,49.90585940158337,41.75521405510322,59.18237485689359,264498,132,Female
Ar Riyadh,"[20,25)",injury,11.34224077308713,7.651074523537566,16.19232354951595,264498,30,Female
Ar Riyadh,"[25,30)",Smoking,280.95043130832545,263.76237905572265,298.9644373542359,354155,995,Female
Ar Riyadh,"[25,30)",flu,38.40126498284649,32.21834748463588,45.42468778581062,354155,136,Female
Ar Riyadh,"[25,30)",injury,2.2588979401674405,0.9752317987176523,4.450929457495536,354155,8,Female
Ar Riyadh,"[30,35)",flu,51.65002388119384,44.49336374296259,59.63002076414947,360116,186,Female
Ar Riyadh,"[30,35)",injury,9.441402214841885,6.537435449649606,13.193826294442859,360116,34,Female
Ar Riyadh,"[35,40)",Smoking,0,0,1.1950651991453614,308676,0,Female
Ar Riyadh,"[35,40)",flu,36.60796433801138,30.16957544322144,44.01322516808169,308676,113,Female
Ar Riyadh,"[35,40)",injury,0,0,1.1950651991453614,308676,0,Female
Ar Riyadh,"[40,45)",Smoking,285.83330378983936,264.1969397221418,308.7692372843551,225656,645,Female
Ar Riyadh,"[40,45)",flu,48.30361257843798,39.66149786243042,58.26902579565221,225656,109,Female
Ar Riyadh,"[40,45)",injury,3.5452192718119617,1.5305740493266307,6.9854952760809885,225656,8,Female
Ar Riyadh,"[45,50)",Smoking,2.5307005611828495,0.6895307281624743,6.479598552062012,158059,4,Female
Ar Riyadh,"[45,50)",flu,36.06248299685561,27.31170048217013,46.7239823608408,158059,57,Female
Ar Riyadh,"[45,50)",injury,36.06248299685561,27.31170048217013,46.7239823608408,158059,57,Female
Ar Riyadh,"[50,55)",flu,45.6563094483196,34.296115462163755,59.572734784091786,118275,54,Female
Ar Riyadh,"[50,55)",injury,270.5559078418939,241.72029381501983,301.8843586427628,118275,320,Female
Ar Riyadh,"[55,60)",flu,248.66385372714484,216.95668096458863,283.7006755636806,88875,221,Female
Ar Riyadh,"[55,60)",injury,315.0492264416315,279.22325244356045,354.1968151259793,88875,280,Female
Ar Riyadh,"[60,65)",flu,372.16930549422824,326.19592820074337,422.8060924191942,63412,236,Female
Ar Riyadh,"[60,65)",injury,441.55680312874534,391.34495932822546,496.4240513518168,63412,280,Female
Ar Riyadh,"[65,70)",flu,33.55704697986577,17.319658397872004,58.62096771145609,35760,12,Female
Ar Riyadh,"[65,70)",injury,0,0,10.315658428730245,35760,0,Female
Ar Riyadh,"[70,75)",Smoking,89.06119027661357,51.85182894588468,142.60325547414317,19088,17,Female
Ar Riyadh,"[70,75)",flu,26.19446772841576,8.505272370695835,61.129149619251194,19088,5,Female
Ar Riyadh,"[75,80)",Smoking,86.7987059102028,43.27065571253826,155.31631907319806,12673,11,Female
Ar Riyadh,"[75,80)",flu,0,0,29.10817844325681,12673,0,Female
Ar Riyadh,"[80,85)",flu,27.389756231169542,3.3170265481233225,98.94121703264803,7302,2,Female
Ar Riyadh,"[100,105)",flu,0,0,910.834433114552,405,0,Female
Ha'il,"[0,5)",flu,88.58478174542567,59.314339085070614,127.22713685180422,32737,29,Female
Ha'il,"[5,10)",flu,5.618608832453085,0.6804395958646056,20.296346970794353,35596,2,Female
Ha'il,"[15,20)",flu,14.572479871762177,3.9705103050250474,37.31133620679696,27449,4,Female
Ha'il,"[20,25)",flu,130.87536925550611,91.1461334664254,182.02149832670227,26743,35,Female
Ha'il,"[25,30)",flu,88.30178016388811,57.12865894905767,130.3562118260291,28312,25,Female
Ha'il,"[30,35)",flu,54.96317467296911,30.740038889062493,90.65857368084441,27291,15,Female
Ha'il,"[35,40)",Smoking,89.84359047657941,56.28493785116009,136.0304601606604,24487,22,Female
Ha'il,"[35,40)",flu,57.17319393964144,31.23098256213037,95.9325265592953,24487,14,Female
Ha'il,"[35,40)",injury,0,0,15.06464431785819,24487,0,Female
Ha'il,"[40,45)",flu,88.8981854311562,51.756926785496354,142.3422549019738,19123,17,Female
Ha'il,"[45,50)",flu,64.40071556350627,29.448108031329756,122.25261861480622,13975,9,Female
Ha'il,"[50,55)",flu,52.51181515841065,19.27091067294636,114.29611432276113,11426,6,Female
Ha'il,"[55,60)",flu,313.8731952291274,203.06674101264545,463.3578241328984,7965,25,Female
Ha'il,"[60,65)",flu,364.4314868804665,222.51145836144195,562.8622516253108,5488,20,Female
Ha'il,"[65,70)",flu,58.875478363261706,7.13009356914822,212.67847123120276,3397,2,Female
Ha'il,"[85,90)",flu,161.81229773462783,4.096732683542054,901.5604192457765,618,1,Female
Jazan,"[0,5)",flu,41.77885061739857,27.526018121463714,60.7883803240027,64626,27,Female
Jazan,"[5,10)",flu,5.674000312070017,1.5459741175175188,14.527694335083334,70497,4,Female
Jazan,"[10,15)",flu,1.5386272367793454,0.03895466894017802,8.57268227492022,64993,1,Female
Jazan,"[15,20)",Smoking,191.67717528373265,158.10709785204693,230.26467920457543,59475,114,Female
Jazan,"[15,20)",flu,8.406893652795292,2.729695485697219,19.618885379273085,59475,5,Female
Jazan,"[20,25)",Smoking,53.057434673033555,35.24849189188298,76.68563385647478,52773,28,Female
Jazan,"[20,25)",flu,7.57963352471908,2.0651950308421454,19.406872217618286,52773,4,Female
Jazan,"[25,30)",flu,27.048436020788657,14.77526748969042,45.38533931987604,51759,14,Female
Jazan,"[30,35)",flu,19.059962642473224,9.124861651293342,35.0540513966311,52466,10,Female
Jazan,"[35,40)",flu,16.23640201331385,7.009725963525941,31.99218464887424,49272,8,Female
Jazan,"[35,40)",injury,0,0,7.48676622445595,49272,0,Female
Jazan,"[40,45)",Smoking,7.81881206182074,1.6124270189361245,22.849886808992476,38369,3,Female
Jazan,"[40,45)",flu,20.85016549818864,9.001621561021924,41.08313800253672,38369,8,Female
Jazan,"[45,50)",flu,22.780773027564738,8.360142203245696,49.58415226106266,26338,6,Female
Jazan,"[50,55)",flu,4.941199723292816,0.12510034580635387,27.530602781593533,20238,1,Female
Jazan,"[55,60)",Smoking,0,0,23.70135861034397,15564,0,Female
Jazan,"[55,60)",flu,102.80133641737343,58.722108189029704,166.95218577525864,15564,16,Female
Jazan,"[60,65)",Smoking,103.52791271800588,55.070804687908094,177.04648410807462,12557,13,Female
Jazan,"[60,65)",flu,302.6200525603249,214.12493813167671,415.3813285894291,12557,38,Female
Jazan,"[65,70)",flu,22.055580061755624,2.6710330673132443,79.67233863833214,9068,2,Female
Jazan,"[70,75)",flu,0,0,58.8150423168676,6272,0,Female
Makkah al Mukarramah,"[0,5)",flu,77.55743875452715,67.60260481906512,88.5652264720635,281082,218,Female
Makkah al Mukarramah,"[0,5)",injury,0,0,1.3123855152994268,281082,0,Female
Makkah al Mukarramah,"[5,10)",flu,4.746715273031062,2.6547631747341986,7.829431958443852,316008,15,Female
Makkah al Mukarramah,"[10,15)",flu,4.33564567769477,2.3063103470719786,7.41453008586277,299840,13,Female
Makkah al Mukarramah,"[10,15)",injury,0,0,1.2302826354435483,299840,0,Female
Makkah al Mukarramah,"[15,20)",Smoking,0,0,1.3643213875605384,270382,0,Female
Makkah al Mukarramah,"[15,20)",flu,17.012966839508547,12.454515199584122,22.69343692498406,270382,46,Female
Makkah al Mukarramah,"[15,20)",injury,0,0,1.3643213875605384,270382,0,Female
Makkah al Mukarramah,"[20,25)",Smoking,96.56792378963853,85.16390146233108,109.07347215372259,268205,259,Female
Makkah al Mukarramah,"[20,25)",flu,43.62334781230775,36.077056138125734,52.281841800070225,268205,117,Female
Makkah al Mukarramah,"[20,25)",injury,0.7456982532018418,0.09030751795975654,2.6937184868753223,268205,2,Female
Makkah al Mukarramah,"[25,30)",flu,44.50392531024679,37.41276487168988,52.54785918598076,312332,139,Female
Makkah al Mukarramah,"[25,30)",injury,7.043786739751291,4.412769979257191,10.664862639608144,312332,22,Female
Makkah al Mukarramah,"[30,35)",Smoking,263.0465399748637,245.4841524433909,281.53353792149267,316674,833,Female
Makkah al Mukarramah,"[30,35)",flu,71.68255050935663,62.65978490160142,81.6395183696564,316674,227,Female
Makkah al Mukarramah,"[30,35)",injury,1.2631286433366806,0.3441600427020612,3.2341110022937465,316674,4,Female
Makkah al Mukarramah,"[35,40)",Smoking,293.83843406717597,274.35762488625954,314.33733693530763,287573,845,Female
Makkah al Mukarramah,"[35,40)",flu,31.296401261592706,25.165304406915443,38.46900204569237,287573,90,Female
Makkah al Mukarramah,"[35,40)",injury,6.954755835909491,4.246375297707342,10.741578788410962,287573,20,Female
Makkah al Mukarramah,"[40,45)",Smoking,148.44022868067427,132.69116861965176,165.54416391738408,217596,323,Female
Makkah al Mukarramah,"[40,45)",flu,66.17768708983621,55.8098024920172,77.91251683801516,217596,144,Female
Makkah al Mukarramah,"[40,45)",injury,4.595672714571959,2.200155294200061,8.452112449565467,217596,10,Female
Makkah al Mukarramah,"[45,50)",Smoking,135.82342954159594,118.15350859059095,155.3901162424252,156085,212,Female
Makkah al Mukarramah,"[45,50)",flu,41.00329948425537,31.57595893838425,52.36113617000208,156085,64,Female
Makkah al Mukarramah,"[45,50)",injury,14.094884197712783,8.830119954905065,21.340794297684536,156085,22,Female
Makkah al Mukarramah,"[50,55)",Smoking,38.715871958868256,28.73344928145989,51.04312692143599,129146,50,Female
Makkah al Mukarramah,"[50,55)",flu,100.66126709305746,84.10097257252605,119.52788984036613,129146,130,Female
Makkah al Mukarramah,"[50,55)",injury,170.34983661902032,148.58088317305302,194.41028233620992,129146,220,Female
Makkah al Mukarramah,"[55,60)",Smoking,36.261810270150484,25.393791014100724,50.203117262437324,99278,36,Female
Makkah al Mukarramah,"[55,60)",flu,143.0326960655936,120.47370041292926,168.58829577621478,99278,142,Female
Makkah al Mukarramah,"[55,60)",injury,0,0,3.715706857625995,99278,0,Female
Makkah al Mukarramah,"[60,65)",flu,162.46399169931874,134.58562239905737,194.4138600862813,73247,119,Female
Makkah al Mukarramah,"[60,65)",injury,81.91461766352205,62.50598593186129,105.44216684281847,73247,60,Female
Makkah al Mukarramah,"[65,70)",flu,101.28218941924361,74.41193351471175,134.6868764182017,46405,47,Female
Makkah al Mukarramah,"[65,70)",injury,43.09880400818877,26.314898900713146,66.5658449934211,46405,20,Female
Makkah al Mukarramah,"[70,75)",flu,39.074988455117044,19.479557381442838,69.9202057338865,28151,11,Female
Makkah al Mukarramah,"[70,75)",injury,568.3634684380661,483.7024241488703,663.5761325296547,28151,160,Female
Makkah al Mukarramah,"[75,80)",Smoking,26.91355366562601,8.738757617173112,62.80725632103922,18578,5,Female
Makkah al Mukarramah,"[75,80)",flu,21.530842932500807,5.866430044279929,55.127509287349,18578,4,Female
Makkah al Mukarramah,"[75,80)",injury,107.65421466250405,65.73058905628127,166.2712906082305,18578,20,Female
Makkah al Mukarramah,"[80,85)",Smoking,84.63817181548879,40.52010083764337,155.6619433411466,11815,10,Female
Makkah al Mukarramah,"[80,85)",flu,16.927634363097756,2.0500150532709696,61.148435613406335,11815,2,Female
Makkah al Mukarramah,"[80,85)",injury,2877.6978417266187,2579.9017108413323,3200.435217866364,11815,340,Female
Makkah al Mukarramah,"[85,90)",Smoking,0,0,64.6604637005072,5705,0,Female
Najran,"[0,5)",flu,50.21498289552145,28.68376775112382,81.55050746653251,31863,16,Female
Najran,"[5,10)",flu,3.1797513434449423,0.0805043339511269,17.7164405575341,31449,1,Female
Najran,"[15,20)",flu,4.448002846721822,0.11261368198687793,24.782685663815048,22482,1,Female
Najran,"[20,25)",Smoking,397.44086855370296,316.08623331764585,493.3348167952159,20632,82,Female
Najran,"[25,30)",flu,13.543406618211367,2.792976041242389,39.57958137213816,22151,3,Female
Najran,"[25,30)",injury,0,0,16.653331470876868,22151,0,Female
Najran,"[30,35)",flu,4.590525156077855,0.11622203444863155,25.57676914679994,21784,1,Female
Najran,"[35,40)",flu,15.838656881896416,3.2663118256459613,46.28727664717978,18941,3,Female
Najran,"[40,45)",flu,21.361435488464824,4.405241547248658,62.42717936301854,14044,3,Female
Najran,"[45,50)",Smoking,32.17848332081948,6.635976862550699,94.03918341459105,9323,3,Female
Najran,"[45,50)",flu,10.726161106939827,0.2715628873140609,59.76234464162715,9323,1,Female
Najran,"[50,55)",flu,28.236622899901175,3.4195860305515318,102.00039062154396,7083,2,Female
Najran,"[55,60)",flu,469.2919812283207,297.3958514306015,704.1993528452956,4901,23,Female
Najran,"[60,65)",flu,363.0862329803328,187.39817982084807,634.2770969324266,3305,12,Female
Najran,"[75,80)",flu,0,0,287.96873178094734,1281,0,Female
Najran,"[80,85)",flu,356.718192627824,73.56386716951268,1042.4819345710255,841,3,Female
Najran,"[85,90)",flu,0,0,773.3499903802799,477,0,Female
Tabuk,"[0,5)",flu,35.4643465103083,19.834651062072172,58.496385812462755,42296,15,Female
Tabuk,"[10,15)",flu,5.07627097134445,0.6147599648315059,18.337236142348686,39399,2,Female
Tabuk,"[15,20)",flu,5.794917857039376,0.7017914366875235,20.933235788612865,34513,2,Female
Tabuk,"[20,25)",Smoking,49.884641765916314,28.49507051986214,81.0140244249587,32074,16,Female
Tabuk,"[20,25)",flu,34.29569121406747,17.09699506905897,61.3682020207844,32074,11,Female
Tabuk,"[25,30)",flu,67.83860311467673,42.990121161555514,101.79568865900171,33904,23,Female
Tabuk,"[30,35)",Smoking,838.4401963474496,742.260093501577,943.6224043525277,32799,275,Female
Tabuk,"[30,35)",flu,73.17296259032287,46.869480471628975,108.88019888406438,32799,24,Female
Tabuk,"[35,40)",flu,105.08830807823995,71.38934017027712,149.1695575611901,29499,31,Female
Tabuk,"[40,45)",Smoking,0,0,16.834973777445853,21912,0,Female
Tabuk,"[40,45)",flu,54.76451259583789,28.265378984478957,95.66839199350447,21912,12,Female
Tabuk,"[45,50)",Smoking,998.6225895316804,842.6882509348558,1175.040033399379,14520,145,Female
Tabuk,"[45,50)",flu,55.09641873278236,23.786722980361585,108.56190922998151,14520,8,Female
Tabuk,"[50,55)",flu,54.367524465386005,19.951923282809453,118.33521223739295,11036,6,Female
Tabuk,"[55,60)",flu,75.67158531971245,27.770138144669584,164.70518378759851,7929,6,Female
Tabuk,"[60,65)",flu,114.87650775416428,42.15765371416526,250.03779480219575,5223,6,Female
Tabuk,"[65,70)",flu,150.96618357487924,49.018308880387096,352.30471253993557,3312,5,Female
Tabuk,"[75,80)",flu,62.22775357809583,1.575470316383939,346.71085195637204,1607,1,Female
Tabuk,"[80,85)",flu,0,0,345.400697950743,1068,0,Female
'Asir,"[0,5)",flu,28.985507246376812,18.929493651720506,42.47217630822998,89700,26,Male
'Asir,"[0,5)",injury,0,0,4.112463159547308,89700,0,Male
'Asir,"[5,10)",Smoking,1.0283728057095258,0.02603614523121924,5.729726546352771,97241,1,Male
'Asir,"[5,10)",flu,1.0283728057095258,0.02603614523121924,5.729726546352771,97241,1,Male
'Asir,"[10,15)",Smoking,382.877295915616,344.0790109227515,424.85260065058236,92719,355,Male
'Asir,"[10,15)",flu,2.1570551882569915,0.26122939046362126,7.792025008600135,92719,2,Male
'Asir,"[15,20)",Smoking,3292.6946337717195,3170.635635956398,3418.249042901416,83336,2744,Male
'Asir,"[15,20)",flu,4.799846404915042,1.307796598860427,12.289513146063763,83336,4,Male
'Asir,"[20,25)",flu,25.696371672319867,16.624797945993638,37.934474963701675,97290,25,Male
'Asir,"[25,30)",Smoking,14.592250819945521,9.029404433109615,22.306854382592736,143912,21,Male
'Asir,"[25,30)",flu,15.287119906609595,9.577028136370538,23.14593555752189,143912,22,Male
'Asir,"[30,35)",Smoking,487.4964304654673,452.46140408006505,524.5240063452031,147078,717,Male
'Asir,"[30,35)",flu,69.35095663525478,56.54614990980838,84.18810218009739,147078,102,Male
'Asir,"[35,40)",flu,18.34960586575734,11.753473733219352,27.303920264833955,130793,24,Male
'Asir,"[40,45)",flu,31.53921211105745,21.56907379715323,44.52543313066129,101461,32,Male
'Asir,"[45,50)",Smoking,23.810857751134517,13.862789384826137,38.12553841238228,71396,17,Male
'Asir,"[45,50)",flu,71.43257325340355,53.18228066511071,93.92258005657425,71396,51,Male
'Asir,"[50,55)",Smoking,5656.61981540347,5454.453219293931,5864.363111588005,52222,2954,Male
'Asir,"[50,55)",flu,17.234115889854852,7.880535210023233,32.71572029301668,52222,9,Male
'Asir,"[55,60)",flu,59.260095380534466,36.6690084030158,90.58961051747286,35437,21,Male
'Asir,"[60,65)",flu,40.61738424045491,18.57285448767187,77.10444738432696,22158,9,Male
'Asir,"[65,70)",flu,38.13591640607124,12.382628251990093,88.99650735506573,13111,5,Male
'Asir,"[70,75)",flu,11.556685542586386,0.2925899455020212,64.38973062451056,8653,1,Male
'Asir,"[75,80)",flu,65.85446163977609,17.94312435999877,168.61357713868452,6074,4,Male
'Asir,"[80,85)",flu,0,0,81.45019770620304,4529,0,Male
'Asir,"[85,90)",flu,0,0,154.99493504680402,2380,0,Male
Al Bahah,"[0,5)",flu,13.993842709207948,1.694719273327491,50.550571422641745,14292,2,Male
Al Bahah,"[5,10)",flu,0,0,22.065315552781044,16718,0,Male
Al Bahah,"[15,20)",flu,0,0,25.950611706745942,14215,0,Male
Al Bahah,"[20,25)",Smoking,6262.7324702635215,5871.3718932592865,6673.320386436942,15217,953,Male
Al Bahah,"[20,25)",flu,0,0,24.24183120269393,15217,0,Male
Al Bahah,"[20,25)",injury,0,0,24.24183120269393,15217,0,Male
Al Bahah,"[25,30)",Smoking,441.2258404872668,355.680799571347,541.1299611781445,20851,92,Male
Al Bahah,"[25,30)",flu,0,0,17.691618886930772,20851,0,Male
Al Bahah,"[25,30)",injury,0,0,17.691618886930772,20851,0,Male
Al Bahah,"[30,35)",flu,4.557054320087495,0.11537462624995395,25.39028158466505,21944,1,Male
Al Bahah,"[30,35)",injury,31.899380240612466,12.825205302223235,65.7249150642653,21944,7,Male
Al Bahah,"[35,40)",Smoking,817.5066048551915,697.1683834625817,952.6470331749715,20061,164,Male
Al Bahah,"[35,40)",flu,0,0,18.38831291617534,20061,0,Male
Al Bahah,"[35,40)",injury,14.954389113204725,3.0839545530910804,43.70307098221586,20061,3,Male
Al Bahah,"[40,45)",Smoking,209.819555182543,146.1255948260065,291.81709308500683,16681,35,Male
Al Bahah,"[40,45)",flu,0,0,22.114258462405942,16681,0,Male
Al Bahah,"[40,45)",injury,5.994844433786943,0.1517763202703069,33.401135369215865,16681,1,Male
Al Bahah,"[45,50)",flu,8.450228156160216,0.21394125388110444,47.08165785819587,11834,1,Male
Al Bahah,"[45,50)",injury,59.15159709312151,23.782009899610166,121.87489742861567,11834,7,Male
Al Bahah,"[50,55)",flu,0,0,41.81454833500267,8822,0,Male
Al Bahah,"[55,60)",flu,94.54774661203908,34.69735665759299,205.79064012793393,6346,6,Male
Al Bahah,"[60,65)",flu,24.46183953033268,0.619320156171475,136.29264654938598,4088,1,Male
Al Bahah,"[70,75)",flu,0,0,230.84352028247406,1598,0,Male
Al Hudud ash Shamaliyah,"[0,5)",flu,0,0,17.16316686416012,21493,0,Male
Al Hudud ash Shamaliyah,"[20,25)",Smoking,103.01018656289345,61.01919859127101,162.80897283064076,17474,18,Male
Al Hudud ash Shamaliyah,"[20,25)",flu,0,0,21.11067559868339,17474,0,Male
Al Hudud ash Shamaliyah,"[20,25)",injury,0,0,21.11067559868339,17474,0,Male
Al Hudud ash Shamaliyah,"[25,30)",Smoking,1247.7438593737738,1114.3547043612296,1392.7023869748084,25486,318,Male
Al Hudud ash Shamaliyah,"[25,30)",injury,0,0,14.474140524656422,25486,0,Male
Al Hudud ash Shamaliyah,"[30,35)",flu,3.9527254041661726,0.10007434279730383,22.023176374318744,25299,1,Male
Al Hudud ash Shamaliyah,"[30,35)",injury,47.43270484999407,24.481243697691724,82.86042157246017,25299,12,Male
Al Hudud ash Shamaliyah,"[35,40)",injury,18.13236627379873,4.940459535930758,46.426059272002256,22060,4,Male
Al Hudud ash Shamaliyah,"[40,45)",injury,29.392745870319207,9.543744577734529,68.59286390760488,17011,5,Male
Al Hudud ash Shamaliyah,"[45,50)",Smoking,1132.8159843011329,944.3630276695582,1347.845499023396,11211,127,Male
Al Hudud ash Shamaliyah,"[45,50)",injury,115.95754170011597,61.68264155437177,198.3028009049231,11211,13,Male
Al Hudud ash Shamaliyah,"[55,60)",flu,0,0,73.00374933928231,5053,0,Male
Al Jawf,"[0,5)",Smoking,1069.886410517341,966.1934915866356,1181.674796396951,36359,389,Male
Al Jawf,"[0,5)",flu,0,0,10.145712077103152,36359,0,Male
Al Jawf,"[5,10)",Smoking,1472.9133727219773,1350.280007515931,1603.6919318001642,36051,531,Male
Al Jawf,"[15,20)",injury,0,0,15.679344812827539,23527,0,Male
Al Jawf,"[20,25)",Smoking,2714.1425017636357,2520.926870605693,2918.237929650737,26933,731,Male
Al Jawf,"[35,40)",flu,2.8703464508166134,0.07267088029016303,15.992546832397311,34839,1,Male
Al Jawf,"[45,50)",Smoking,163.21201240411295,110.09705181038241,233.00349242151518,18381,30,Male
Al Jawf,"[50,55)",Smoking,2414.618229279965,2162.203125810776,2688.4048794542764,13791,333,Male
Al Jawf,"[55,60)",Smoking,3024.6164035765537,2677.039991464682,3404.786978700626,9059,274,Male
Al Jawf,"[85,90)",Smoking,3986.7109634551493,2057.644466139212,6964.404668975648,301,12,Male
Al Jawf,"[90,95)",Smoking,3157.8947368421054,651.2338135743175,9228.708494465604,95,3,Male
Al Jawf,"[95,100)",Smoking,6666.666666666667,807.3642618132168,24082.292225746525,30,2,Male
Al Jawf,"[100,105)",Smoking,3448.2758620689656,87.30278615272378,19212.563417030688,29,1,Male
Al Madinah al Munawwarah,"[0,5)",flu,77.35002979021418,60.73405157824628,97.10719211874148,95669,74,Male
Al Madinah al Munawwarah,"[0,5)",injury,334.4866153090343,298.8373219221636,373.21778756413016,95669,320,Male
Al Madinah al Munawwarah,"[5,10)",flu,1.9948333815418067,0.24158357707932956,7.206024065394587,100259,2,Male
Al Madinah al Munawwarah,"[10,15)",flu,3.174200101574403,0.6545963717788235,9.276359689502206,94512,3,Male
Al Madinah al Munawwarah,"[10,15)",injury,169.29067208396816,144.07384186362415,197.65036933767468,94512,160,Male
Al Madinah al Munawwarah,"[15,20)",flu,20.884264321077136,12.158913415302598,33.43952703886248,81401,17,Male
Al Madinah al Munawwarah,"[15,20)",injury,269.03846390093486,234.58241896577206,307.13023392951743,81401,219,Male
Al Madinah al Munawwarah,"[20,25)",Smoking,412.61902471866887,374.4917555414163,453.575101281641,103970,429,Male
Al Madinah al Munawwarah,"[20,25)",flu,76.94527267481004,61.0107446559688,95.76623295077655,103970,80,Male
Al Madinah al Munawwarah,"[20,25)",injury,20.198134077137638,12.49821728169348,30.876445396822987,103970,21,Male
Al Madinah al Munawwarah,"[25,30)",flu,40.25030659413226,30.996091637984378,51.39956566834234,159005,64,Male
Al Madinah al Munawwarah,"[25,30)",injury,201.25153297066132,179.80231911557166,224.55502983222397,159005,320,Male
Al Madinah al Munawwarah,"[30,35)",Smoking,2070.1780000243334,2001.201373815275,2140.9255271482016,164382,3403,Male
Al Madinah al Munawwarah,"[30,35)",flu,35.89200764073926,27.32108495526985,46.298887730420994,164382,59,Male
Al Madinah al Munawwarah,"[30,35)",injury,29.808616515190227,22.050814963169486,39.409421229460435,164382,49,Male
Al Madinah al Munawwarah,"[35,40)",Smoking,297.8453296875763,270.26069018093875,327.481558021465,143363,427,Male
Al Madinah al Munawwarah,"[35,40)",flu,28.598731890376175,20.52068616596429,38.79841782475147,143363,41,Male
Al Madinah al Munawwarah,"[35,40)",injury,10.46295069160104,5.851763713938775,17.258031251605537,143363,15,Male
Al Madinah al Munawwarah,"[40,45)",Smoking,446.3142491311505,407.58826461881495,487.7274672712032,109340,488,Male
Al Madinah al Munawwarah,"[40,45)",flu,41.15602707152003,30.016694252375412,55.07130206595191,109340,45,Male
Al Madinah al Munawwarah,"[40,45)",injury,69.5079568319005,54.762333352646294,87.00071274986544,109340,76,Male
Al Madinah al Munawwarah,"[45,50)",Smoking,399.09699266306535,354.99271455938515,447.165943478702,74418,297,Male
Al Madinah al Munawwarah,"[45,50)",flu,36.2815447875514,23.90411522908052,52.78978025234485,74418,27,Male
Al Madinah al Munawwarah,"[45,50)",injury,43.000349377838695,29.407129948842535,60.705675654680654,74418,32,Male
Al Madinah al Munawwarah,"[50,55)",flu,47.93183028581573,31.579912073809943,69.74098822685956,56330,27,Male
Al Madinah al Munawwarah,"[50,55)",injury,35.50505947097461,21.678375350392216,54.83735197798164,56330,20,Male
Al Madinah al Munawwarah,"[55,60)",Smoking,2584.985835694051,2428.911326181676,2748.458031666523,39536,1022,Male
Al Madinah al Munawwarah,"[55,60)",flu,128.9963577498988,96.03910639331859,169.60988784194595,39536,51,Male
Al Madinah al Munawwarah,"[60,65)",flu,178.13044006315533,129.41730835764315,239.13758038799315,24701,44,Male
Al Madinah al Munawwarah,"[60,65)",injury,0,0,14.93413001139199,24701,0,Male
Al Madinah al Munawwarah,"[65,70)",Smoking,3516.184474362647,3212.003057713043,3841.4063399365964,13964,491,Male
Al Madinah al Munawwarah,"[65,70)",flu,93.09653394442853,49.52192025680765,159.2074406291244,13964,13,Male
Al Madinah al Munawwarah,"[70,75)",Smoking,1318.5002060156571,1067.962867049546,1610.130341706754,7281,96,Male
Al Madinah al Munawwarah,"[70,75)",flu,0,0,50.664461668918214,7281,0,Male
Al Madinah al Munawwarah,"[75,80)",flu,21.88662727073758,0.5541214266642569,121.94448218294811,4569,1,Male
Al Madinah al Munawwarah,"[80,85)",flu,0,0,122.43210933003436,3013,0,Male
Al Madinah al Munawwarah,"[80,85)",injury,5310.321938267507,4519.318600137686,6199.910954809927,3013,160,Male
Al Mintaqah ash Sharqiyah,"[0,5)",flu,9.1181326064422,5.487186891096309,14.23980989428635,208376,19,Male
Al Mintaqah ash Sharqiyah,"[5,10)",flu,0,0,1.6878572133724092,218554,0,Male
Al Mintaqah ash Sharqiyah,"[10,15)",flu,0.5235108733208389,0.01325414776842491,2.916815897422703,191018,1,Male
Al Mintaqah ash Sharqiyah,"[15,20)",Smoking,0.6410133138465286,0.016229051995339767,3.571497593596853,156003,1,Male
Al Mintaqah ash Sharqiyah,"[15,20)",flu,2.5640532553861144,0.6986182147947958,6.564994695873603,156003,4,Male
Al Mintaqah ash Sharqiyah,"[20,25)",Smoking,1511.534396880934,1462.4896712557595,1561.8046031235006,237507,3590,Male
Al Mintaqah ash Sharqiyah,"[20,25)",flu,11.78912621522734,7.832058266115695,17.039207078139775,237507,28,Male
Al Mintaqah ash Sharqiyah,"[25,30)",Smoking,529.0852735529446,507.21502375505776,551.6559468352009,416190,2202,Male
Al Mintaqah ash Sharqiyah,"[25,30)",flu,2.883298493476537,1.4881447999901556,5.036848087079627,416190,12,Male
Al Mintaqah ash Sharqiyah,"[30,35)",Smoking,954.3736005579415,926.44306739104,982.932249316483,463131,4420,Male
Al Mintaqah ash Sharqiyah,"[30,35)",flu,19.864789875866656,16.013396537614966,24.36265510303886,463131,92,Male
Al Mintaqah ash Sharqiyah,"[35,40)",Smoking,1670.0562380204592,1631.5301124331174,1709.2624333925128,427291,7136,Male
Al Mintaqah ash Sharqiyah,"[35,40)",flu,1.8722603565251785,0.8083091328271604,3.6890992836716228,427291,8,Male
Al Mintaqah ash Sharqiyah,"[40,45)",Smoking,29.83266586510211,24.245947083337782,36.32054606774573,331851,99,Male
Al Mintaqah ash Sharqiyah,"[40,45)",flu,1.2053602369738226,0.32842009625594776,3.0862009381932545,331851,4,Male
Al Mintaqah ash Sharqiyah,"[45,50)",Smoking,154.69847020401687,138.93566548996787,171.75967958244902,226893,351,Male
Al Mintaqah ash Sharqiyah,"[45,50)",flu,7.0517821175620226,4.028114097191445,11.452287286986047,226893,16,Male
Al Mintaqah ash Sharqiyah,"[45,50)",injury,70.51782117562023,60.01378157199582,82.33101817527341,226893,160,Male
Al Mintaqah ash Sharqiyah,"[50,55)",flu,1.8024729929463221,0.37171326433602997,5.267590976665379,166438,3,Male
Al Mintaqah ash Sharqiyah,"[55,60)",flu,28.35538752362949,19.127541676055188,40.48050278071711,105800,30,Male
Al Mintaqah ash Sharqiyah,"[60,65)",Smoking,2559.8845114397463,2433.0016208681936,2691.6677089878863,59573,1525,Male
Al Mintaqah ash Sharqiyah,"[60,65)",flu,8.393063971933595,2.725205025965489,19.586611517504014,59573,5,Male
Al Mintaqah ash Sharqiyah,"[65,70)",Smoking,2158.224860052607,1994.2320705001164,2332.107391822306,29654,640,Male
Al Mintaqah ash Sharqiyah,"[65,70)",flu,0,0,12.439736474384349,29654,0,Male
Al Qasim,"[0,5)",Smoking,15.835591371362213,7.2410407456422785,30.060885124079196,56834,9,Male
Al Qasim,"[0,5)",flu,26.39265228560369,14.760995202192431,43.53315153471381,56834,15,Male
Al Qasim,"[5,10)",Smoking,32.811090148470186,20.033514617137126,50.676532473459204,60955,20,Male
Al Qasim,"[5,10)",flu,3.2811090148470186,0.397357523655098,11.852493918011579,60955,2,Male
Al Qasim,"[10,15)",flu,0,0,6.306315845993565,58495,0,Male
Al Qasim,"[15,20)",flu,1.9008154498279761,0.04812448057231633,10.590665838428594,52609,1,Male
Al Qasim,"[20,25)",Smoking,2351.912807134955,2242.127191519158,2465.6835588421286,73217,1722,Male
Al Qasim,"[20,25)",flu,5.4632120955515795,1.4885414229295455,13.98799278228239,73217,4,Male
Al Qasim,"[25,30)",flu,9.790867079188533,4.6873285755929,18.006832660135967,102136,10,Male
Al Qasim,"[30,35)",flu,5.0501989778397265,1.6397858615825516,11.785479748017966,99006,5,Male
Al Qasim,"[35,40)",flu,2.313716870466561,0.28020184697535316,8.357940870332317,86441,2,Male
Al Qasim,"[40,45)",flu,9.053597295992274,3.322510643244283,19.70586978289275,66272,6,Male
Al Qasim,"[45,50)",Smoking,2425.3243925803363,2284.9750566044904,2572.038515321571,45932,1114,Male
Al Qasim,"[45,50)",flu,4.354262823304015,0.5273214285116368,15.72909446077671,45932,2,Male
Al Qasim,"[45,50)",injury,0,0,8.03117533334916,45932,0,Male
Al Qasim,"[50,55)",flu,17.82054709079569,6.539826705547688,38.78782863321953,33669,6,Male
Al Qasim,"[55,60)",flu,124.74191328286305,83.52432547436152,179.15669215061575,23248,29,Male
Al Qasim,"[60,65)",flu,68.37606837606837,32.73470026644489,125.75356311628357,14625,10,Male
Ar Riyadh,"[0,5)",flu,27.751966024109908,22.28647745591597,34.151552566722245,320698,89,Male
Ar Riyadh,"[5,10)",flu,3.5496027402933152,1.8320416259189118,6.2008181992914695,338066,12,Male
Ar Riyadh,"[10,15)",flu,2.5869037995149555,1.1168414476147137,5.0972317607739095,309250,8,Male
Ar Riyadh,"[10,15)",injury,0,0,1.1928470344749993,309250,0,Male
Ar Riyadh,"[15,20)",flu,6.063982596369948,3.4638639388373766,9.848073811577375,263853,16,Male
Ar Riyadh,"[15,20)",injury,60.63982596369948,51.60717119841293,70.79825397794343,263853,160,Male
Ar Riyadh,"[20,25)",Smoking,654.4260579737598,630.8302653173383,678.6786273529137,443442,2902,Male
Ar Riyadh,"[20,25)",flu,13.981535352988665,10.718996750321942,17.923994823998893,443442,62,Male
Ar Riyadh,"[20,25)",injury,63.142417723174624,55.962147385501225,70.98840873061508,443442,280,Male
Ar Riyadh,"[25,30)",Smoking,2250.394617046379,2216.4005742560344,2284.77948889518,742492,16709,Male
Ar Riyadh,"[25,30)",flu,7.407487218717509,5.5799693501175325,9.642045930141219,742492,55,Male
Ar Riyadh,"[25,30)",injury,21.549053727178205,18.33919684281426,25.15896697451597,742492,160,Male
Ar Riyadh,"[30,35)",flu,7.730295155552864,5.898699573095795,9.950593615466676,776167,60,Male
Ar Riyadh,"[30,35)",injury,22.16017944591821,18.97192114942044,25.730795499579607,776167,172,Male
Ar Riyadh,"[35,40)",Smoking,6.283307006764053,4.546801257395793,8.463782802916644,684353,43,Male
Ar Riyadh,"[35,40)",flu,6.137183588002098,4.422676190194676,8.295899738940882,684353,42,Male
Ar Riyadh,"[35,40)",injury,105.50110834613132,97.94484601481793,113.4855820129036,684353,722,Male
Ar Riyadh,"[40,45)",Smoking,1490.1155087580037,1456.9281488214053,1523.8681506833968,513987,7659,Male
Ar Riyadh,"[40,45)",flu,6.809510746380746,4.742378790305231,9.470669354966173,513987,35,Male
Ar Riyadh,"[40,45)",injury,0.1945574498965927,0.004925768158395037,1.0840047298742768,513987,1,Male
Ar Riyadh,"[45,50)",Smoking,8.990249928948025,6.107320805999121,12.761377823946392,344818,31,Male
Ar Riyadh,"[45,50)",flu,19.4305401690167,15.057706971308699,24.67647385566644,344818,67,Male
Ar Riyadh,"[45,50)",injury,4.060112871137818,2.217845559103314,6.812578745475769,344818,14,Male
Ar Riyadh,"[50,55)",flu,11.12161485847745,7.388599799057604,16.074431230716883,251762,28,Male
Ar Riyadh,"[50,55)",injury,0,0,1.4652248767144904,251762,0,Male
Ar Riyadh,"[55,60)",flu,65.25859427313274,53.876676844473,78.33367837286356,176222,115,Male
Ar Riyadh,"[55,60)",injury,0,0,2.0933138053784064,176222,0,Male
Ar Riyadh,"[60,65)",flu,64.72795497185741,50.36000471929983,81.91857182812578,106600,69,Male
Ar Riyadh,"[60,65)",injury,0,0,3.460487292789808,106600,0,Male
Ar Riyadh,"[65,70)",flu,9.220499013406606,2.9938709316731904,21.51756888509906,54227,5,Male
Ar Riyadh,"[65,70)",injury,295.0559684290114,251.10566585307774,344.4839601460953,54227,160,Male
Ar Riyadh,"[70,75)",Smoking,1043.0351526732752,920.5447564194967,1177.2856039975088,25119,262,Male
Ar Riyadh,"[70,75)",flu,19.905251005215177,6.463180819771571,46.4522157702244,25119,5,Male
Ar Riyadh,"[75,80)",Smoking,947.3212571209115,800.8405385006978,1112.8338514763436,15623,148,Male
Ar Riyadh,"[75,80)",flu,6.400819304871024,0.16205471410286051,35.66308257657875,15623,1,Male
Ar Riyadh,"[80,85)",flu,11.015642211940955,0.27889191434555954,61.37523012710838,9078,1,Male
Ar Riyadh,"[100,105)",flu,353.35689045936397,8.946221902575935,1968.7785833706357,283,1,Male
Ha'il,"[0,5)",flu,14.80078148126221,4.805773459589192,34.54008667137134,33782,5,Male
Ha'il,"[5,10)",flu,2.72234775270193,0.06892387766937058,15.167950864179074,36733,1,Male
Ha'il,"[15,20)",flu,7.096728408203818,0.859446733886754,25.6358231059682,28182,2,Male
Ha'il,"[20,25)",flu,16.92715680189584,6.211968215005505,36.8432940882432,35446,6,Male
Ha'il,"[25,30)",flu,16.56970321820458,7.5767234284158125,31.45445808126366,54316,9,Male
Ha'il,"[30,35)",flu,14.117564014329327,6.094962106249672,27.817229110758138,56667,8,Male
Ha'il,"[35,40)",Smoking,2949.1649100048644,2799.5569478677917,3104.6911662850284,49336,1455,Male
Ha'il,"[35,40)",flu,6.080752391762608,1.253997330338093,17.770538896023844,49336,3,Male
Ha'il,"[35,40)",injury,324.306794227339,275.99941102267815,378.63490568433417,49336,160,Male
Ha'il,"[40,45)",flu,8.036431824270023,1.6573054457423027,23.485864103247582,37330,3,Male
Ha'il,"[45,50)",flu,3.986763943706893,0.10093612400546147,22.212826978188012,25083,1,Male
Ha'il,"[50,55)",flu,5.141123849673539,0.13016198644948793,28.644508719031922,19451,1,Male
Ha'il,"[55,60)",flu,23.08580223162755,4.760847425129677,67.46651073291515,12995,3,Male
Ha'il,"[60,65)",flu,12.403870007442322,0.3140387991105172,69.10994034903125,8062,1,Male
Ha'il,"[65,70)",flu,0,0,76.24802509536865,4838,0,Male
Ha'il,"[85,90)",flu,0,0,429.93933031630945,858,0,Male
Jazan,"[0,5)",flu,26.62209930043039,15.769888574443815,42.07658277613206,67613,18,Male
Jazan,"[5,10)",flu,2.721495734055437,0.3295857591530229,9.830978333796837,73489,2,Male
Jazan,"[10,15)",flu,0,0,5.356060363442765,68873,0,Male
Jazan,"[15,20)",Smoking,3765.2270210409747,3615.4611608905775,3919.6033917109635,63210,2380,Male
Jazan,"[15,20)",flu,1.5820281601012498,0.04005348518318288,8.814496742507355,63210,1,Male
Jazan,"[20,25)",Smoking,477.29265803131153,427.3252750799572,531.4973485929887,69559,332,Male
Jazan,"[20,25)",flu,4.312885464138358,0.8894206686346865,12.604081527541112,69559,3,Male
Jazan,"[25,30)",flu,11.229267964021425,5.37595579482731,20.65226169332473,89053,10,Male
Jazan,"[30,35)",flu,9.86236521434207,4.509701386624806,18.72184125034975,91256,9,Male
Jazan,"[35,40)",flu,8.571288632022334,3.4461025756965604,17.660130481586886,81668,7,Male
Jazan,"[35,40)",injury,171.42577264044667,144.20461229657414,202.29038055963943,81668,140,Male
Jazan,"[40,45)",Smoking,84.4985093187507,63.290777071461584,110.52831756775844,62723,53,Male
Jazan,"[40,45)",flu,9.56586897948121,3.5105053225943452,20.820869573392034,62723,6,Male
Jazan,"[45,50)",flu,2.4763508493883415,0.06269577530654723,13.79734384364048,40382,1,Male
Jazan,"[50,55)",flu,110.3088648215002,75.91915870509294,154.9196480854837,29916,33,Male
Jazan,"[55,60)",Smoking,9.032199792259405,1.0938412976740506,32.62741122577771,22143,2,Male
Jazan,"[55,60)",flu,198.7083954297069,144.36783334426877,266.7631925738978,22143,44,Male
Jazan,"[60,65)",Smoking,2284.5823704192803,2050.1672581186913,2538.4518022452658,15145,346,Male
Jazan,"[60,65)",flu,39.61703532518983,14.538753737146589,86.22960727975361,15145,6,Male
Jazan,"[65,70)",flu,20.3190084323885,2.4607261865687797,73.39924482092816,9843,2,Male
Jazan,"[70,75)",flu,34.494653328734046,4.177462548188427,124.60654825325902,5798,2,Male
Makkah al Mukarramah,"[0,5)",flu,48.22557255041453,40.59372349036522,56.875031878807896,292376,141,Male
Makkah al Mukarramah,"[0,5)",injury,13.6810134894793,9.77279252279151,18.63015408926323,292376,40,Male
Makkah al Mukarramah,"[5,10)",flu,4.5510813369256535,2.54534819207203,7.506745110087396,329592,15,Male
Makkah al Mukarramah,"[10,15)",flu,2.862668261278913,1.3089942165762274,5.434236065618454,314392,9,Male
Makkah al Mukarramah,"[10,15)",injury,50.891880200514,43.31123865179409,59.41732520815514,314392,160,Male
Makkah al Mukarramah,"[15,20)",Smoking,3.6147278471403888,1.7305328520808414,6.648011757175767,276646,10,Male
Makkah al Mukarramah,"[15,20)",flu,11.205656326135205,7.6123065060872195,15.906077725676667,276646,31,Male
Makkah al Mukarramah,"[15,20)",injury,14.097438603847518,10.02345009973058,19.272189852218776,276646,39,Male
Makkah al Mukarramah,"[20,25)",Smoking,515.1092465322491,492.34697002430363,538.6523623158517,373513,1924,Male
Makkah al Mukarramah,"[20,25)",flu,36.14332031281374,30.30339509150587,42.78026991360375,373513,135,Male
Makkah al Mukarramah,"[20,25)",injury,5.622294270882137,3.4789676685354216,8.594678171596934,373513,21,Male
Makkah al Mukarramah,"[25,30)",flu,20.138227472834025,16.723303831653368,24.045248077276568,605813,122,Male
Makkah al Mukarramah,"[25,30)",injury,33.01348766038365,28.596220518609876,37.91976582671514,605813,200,Male
Makkah al Mukarramah,"[30,35)",Smoking,1229.831746188385,1202.988161229985,1257.1232964757035,648544,7976,Male
Makkah al Mukarramah,"[30,35)",flu,18.040410519563824,14.919645916893861,21.621125752435972,648544,117,Male
Makkah al Mukarramah,"[30,35)",injury,52.27093304386441,46.85396593783065,58.1422848205546,648544,339,Male
Makkah al Mukarramah,"[35,40)",Smoking,1119.046338683685,1091.903431702981,1146.6934278534989,576473,6451,Male
Makkah al Mukarramah,"[35,40)",flu,14.57136760958449,11.622330663326663,18.040554381543366,576473,84,Male
Makkah al Mukarramah,"[35,40)",injury,87.08126833346923,79.62909673298465,95.04302337181254,576473,502,Male
Makkah al Mukarramah,"[40,45)",Smoking,485.09231169092135,465.1256093365903,505.69568488759353,457851,2221,Male
Makkah al Mukarramah,"[40,45)",flu,21.62275500108114,17.57349396540081,26.325179006112226,457851,99,Male
Makkah al Mukarramah,"[40,45)",injury,70.11014500350551,62.649186083040746,78.21505129447,457851,321,Male
Makkah al Mukarramah,"[45,50)",Smoking,242.93328408866586,225.99916906554822,260.80012920579145,314078,763,Male
Makkah al Mukarramah,"[45,50)",flu,16.238004572112658,12.089360319303625,21.350417812515282,314078,51,Male
Makkah al Mukarramah,"[45,50)",injury,57.947388865186355,49.83374186782518,67.00529995288773,314078,182,Male
Makkah al Mukarramah,"[50,55)",Smoking,412.6979019178787,387.82817727259,438.7440530407187,248608,1026,Male
Makkah al Mukarramah,"[50,55)",flu,41.83292573046724,34.17979055999512,50.688045429855094,248608,104,Male
Makkah al Mukarramah,"[50,55)",injury,24.134380229115717,18.416044341095393,31.066266551100224,248608,60,Male
Makkah al Mukarramah,"[55,60)",Smoking,689.5246336055378,652.191198695953,728.4380707798189,184910,1275,Male
Makkah al Mukarramah,"[55,60)",flu,73.54929425125736,61.7072567920676,87.00113732509739,184910,136,Male
Makkah al Mukarramah,"[55,60)",injury,86.5285814720675,73.63964600191902,101.02391275129689,184910,160,Male
Makkah al Mukarramah,"[60,65)",flu,69.34930058693188,55.15376233326288,86.08179783933706,118242,82,Male
Makkah al Mukarramah,"[60,65)",injury,169.14463557788264,146.51276315556743,194.2819564518511,118242,200,Male
Makkah al Mukarramah,"[65,70)",flu,24.8062015503876,14.16978126905517,40.28595068846706,64500,16,Male
Makkah al Mukarramah,"[65,70)",injury,248.06201550387598,211.1117355382147,289.6175458425164,64500,160,Male
Makkah al Mukarramah,"[70,75)",flu,29.209872937052722,13.984080367949655,53.721216900121135,34235,10,Male
Makkah al Mukarramah,"[70,75)",injury,58.419745874105445,35.669428464658786,90.22894806250054,34235,20,Male
Makkah al Mukarramah,"[75,80)",Smoking,232.52127041166835,168.93393931946008,312.1564959659578,18923,44,Male
Makkah al Mukarramah,"[75,80)",flu,15.85372298261375,3.2694188178174795,46.331306186874826,18923,3,Male
Makkah al Mukarramah,"[75,80)",injury,0,0,19.494157660592588,18923,0,Male
Makkah al Mukarramah,"[80,85)",Smoking,578.1843286158095,448.064239077729,734.2848085919218,11588,67,Male
Makkah al Mukarramah,"[80,85)",flu,0,0,31.833616276440587,11588,0,Male
Makkah al Mukarramah,"[80,85)",injury,0,0,31.833616276440587,11588,0,Male
Makkah al Mukarramah,"[85,90)",Smoking,74.28040854224697,20.238911302253022,190.1873477326592,5385,4,Male
Najran,"[0,5)",flu,6.053635207942369,0.7331233081420334,21.8678118158604,33038,2,Male
Najran,"[5,10)",flu,0,0,11.09537538458789,33247,0,Male
Najran,"[15,20)",flu,0,0,15.794140495435586,23356,0,Male
Najran,"[20,25)",Smoking,3547.023599859105,3331.2995147701927,3773.05051554157,28390,1007,Male
Najran,"[25,30)",flu,0,0,8.760103191911506,42110,0,Male
Najran,"[25,30)",injury,379.957254808834,323.3604118312716,443.60797214063905,42110,160,Male
Najran,"[30,35)",flu,0,0,8.611633798939993,42836,0,Male
Najran,"[35,40)",flu,29.26855227097358,14.590879382832595,52.37271403599072,37583,11,Male
Najran,"[40,45)",flu,0,0,12.918958654177821,28554,0,Male
Najran,"[45,50)",Smoking,1662.8789978382574,1480.0081593063471,1862.1023259955227,18041,300,Male
Najran,"[45,50)",flu,5.542929992794191,0.14033483722792472,30.88322926078875,18041,1,Male
Najran,"[50,55)",flu,0,0,28.600398930950032,12898,0,Male
Najran,"[55,60)",flu,435.2557127312296,304.80531789359105,602.5952213251423,8271,36,Male
Najran,"[60,65)",flu,38.76720294630742,4.694888128396298,140.04046651916957,5159,2,Male
Najran,"[75,80)",flu,154.5595054095827,18.71787314868354,558.3220763310633,1294,2,Male
Najran,"[80,85)",flu,241.54589371980674,29.25232832656582,872.5468197734249,828,2,Male
Najran,"[85,90)",flu,167.78523489932886,4.247954359780184,934.8394951239763,596,1,Male
Tabuk,"[0,5)",flu,86.34008906661819,61.091676091053905,118.51184547617608,44012,38,Male
Tabuk,"[10,15)",flu,2.4602666929095114,0.062288559721226926,13.70772865949638,40646,1,Male
Tabuk,"[15,20)",flu,16.80483979386063,6.167080028822684,36.57706145675186,35704,6,Male
Tabuk,"[20,25)",Smoking,1782.5516939991257,1659.2440978239974,1912.5967116514053,43477,775,Male
Tabuk,"[20,25)",flu,52.90153414449019,33.52432476622991,79.3817657219862,43477,23,Male
Tabuk,"[25,30)",flu,51.903930543103854,35.72244847861024,72.8947638705442,63579,33,Male
Tabuk,"[30,35)",Smoking,4677.8597396328305,4514.649283965994,4845.462699877553,66291,3101,Male
Tabuk,"[30,35)",flu,33.18700879455733,20.790895795226458,50.24781460460833,66291,22,Male
Tabuk,"[35,40)",flu,52.25388420539261,35.248622401704154,74.59829293875619,57412,30,Male
Tabuk,"[40,45)",Smoking,24.736889448592247,12.33176710994417,44.26382368477645,44468,11,Male
Tabuk,"[40,45)",flu,51.72258702887469,32.77721210446564,77.61268841177461,44468,23,Male
Tabuk,"[45,50)",Smoking,11281.47880618577,10907.38350942769,11665.131715584585,30457,3436,Male
Tabuk,"[45,50)",flu,36.116492103621496,18.004695795547736,64.62631617081915,30457,11,Male
Tabuk,"[50,55)",flu,4.382697111802603,0.11096028392992023,24.418825397461976,22817,1,Male
Tabuk,"[55,60)",flu,469.23180050945166,365.7735682870026,592.8547065872143,14918,70,Male
Tabuk,"[60,65)",flu,192.1460309835475,109.75752273976921,312.05041664538555,8327,16,Male
Tabuk,"[65,70)",flu,21.99736031676199,0.5569249446610184,122.56144722698853,4546,1,Male
Tabuk,"[75,80)",flu,0,0,251.45735883530577,1467,0,Male
Tabuk,"[80,85)",flu,99.40357852882703,2.516680714144125,553.841291345815,1006,1,Male
